Composite Element REF,Chromosome,Start,End,Gene_Symbol,Gene_Type,Feature_Type,Strand,DMR,Enhancer,Regulatory_Feature_Group,DHS
cg16601494,chr1,1540357,1540358,TMEM240;TMEM240;TMEM240,protein_coding;protein_coding;protein_coding,Island,R,,,Gene_Associated_Cell_type_specific,
cg15515265,chr1,2911633,2911634,.,.,Island,R,,,,
cg20017683,chr1,25329035,25329036,RHD;RHD;RHD;RHD;RHD;RHD;RHD;RHD;RSRP1;RSRP1;RSRP1;RSRP1;RSRP1;RSRP1,protein_coding;protein_coding;protein_coding;protein_coding;protein_coding;protein_coding;protein_coding;protein_coding;protein_coding;protein_coding;protein_coding;protein_coding;protein_coding;protein_coding,.,R,,,,
cg01948083,chr1,26001343,26001344,.,.,S_Shelf,R,,,,
cg26030770,chr1,36446886,36446887,OSCP1;OSCP1;OSCP1;OSCP1;OSCP1,protein_coding;protein_coding;protein_coding;protein_coding;protein_coding,N_Shelf,F,,,,
cg24375409,chr1,37735248,37735249,EPHA10;EPHA10;EPHA10;EPHA10;EPHA10;EPHA10,protein_coding;protein_coding;protein_coding;protein_coding;protein_coding;protein_coding,.,F,,,,
cg11828180,chr1,41383313,41383314,FOXO6,protein_coding,Island,F,,,,
cg21140898,chr1,50976646,50976647,.,.,N_Shore,F,RDMR,,,
cg20740434,chr1,60621835,60621836,RP11-776H12.1,lincRNA,.,R,DMR,TRUE,,
cg00347563,chr1,78045916,78045917,GIPC2;GIPC2,protein_coding;protein_coding,Island,R,,,Unclassified,TRUE
cg26027669,chr1,92486910,92486911,GFI1;GFI1,protein_coding;protein_coding,Island,F,,,,
cg09143801,chr1,151132573,151132574,RP11-68I18.10;SEMA6C;SEMA6C;SEMA6C;SEMA6C;SEMA6C;SEMA6C;SEMA6C,sense_overlapping;protein_coding;protein_coding;protein_coding;protein_coding;protein_coding;protein_coding;protein_coding,Island,R,,,Unclassified_Cell_type_specific,TRUE
cg00002719,chr1,169427468,169427469,CCDC181;CCDC181;CCDC181;CCDC181;CCDC181,protein_coding;protein_coding;protein_coding;protein_coding;protein_coding,Island,F,,TRUE,,
rs715359,chr1,177462032,177462032,RP1-35C21.2;RP1-35C21.2,lincRNA;lincRNA,.,,,,,
cg03940848,chr1,229407365,229407366,.,.,Island,R,,,,
cg03130910,chr1,234772479,234772480,.,.,.,F,DMR,TRUE,Promoter_Associated,TRUE
cg00251716,chr1,243316646,243316647,SDCCAG8;SDCCAG8;SDCCAG8,protein_coding;protein_coding;protein_coding,.,R,,TRUE,,
cg23270529,chr1,243421366,243421367,SDCCAG8;SDCCAG8;SDCCAG8,protein_coding;protein_coding;protein_coding,.,R,,TRUE,,
cg05353872,chr1,248203097,248203098,OR2M3,protein_coding,.,R,,,,
cg16888658,chr2,24919248,24919249,ADCY3;ADCY3;ADCY3;ADCY3,protein_coding;protein_coding;protein_coding;protein_coding,N_Shore,F,,,Unclassified,
cg16328106,chr2,61145003,61145004,AC016747.3;AC016747.3;AC016747.3;AC016747.3;C2orf74;C2orf74;C2orf74;C2orf74;RP11-493E12.3,processed_transcript;processed_transcript;processed_transcript;processed_transcript;protein_coding;protein_coding;protein_coding;protein_coding;processed_transcript,.,R,,,Promoter_Associated,
cg01751245,chr2,65366627,65366628,SPRED2;SPRED2;SPRED2;SPRED2;SPRED2,protein_coding;protein_coding;protein_coding;protein_coding;protein_coding,.,F,,TRUE,,TRUE
cg17459215,chr2,66071108,66071109,AC074391.1;AC074391.1,lincRNA;lincRNA,.,F,,,,
cg25598710,chr2,113393776,113393777,.,.,.,R,,,,
cg24441810,chr2,119678463,119678464,TMEM177;TMEM177;TMEM177;TMEM177;TMEM177;TMEM177,protein_coding;protein_coding;protein_coding;protein_coding;protein_coding;protein_coding,N_Shore,R,,,,
cg18786593,chr2,156322219,156322220,.,.,S_Shore,F,CDMR,,,
cg00857907,chr2,202032175,202032176,.,.,N_Shore,F,,,Unclassified_Cell_type_specific,
cg01413054,chr2,230794264,230794265,CAB39;CAB39;CAB39;CAB39;CAB39,protein_coding;protein_coding;protein_coding;protein_coding;protein_coding,.,R,,,Unclassified_Cell_type_specific,TRUE
cg09469667,chr3,9863003,9863004,.,.,Island,F,,TRUE,,TRUE
cg21792155,chr3,46898857,46898858,PTH1R;PTH1R;PTH1R;PTH1R;PTH1R;PTH1R,protein_coding;protein_coding;protein_coding;protein_coding;protein_coding;protein_coding,S_Shore,F,,,Unclassified_Cell_type_specific,
cg11044162,chr3,64684341,64684342,ADAMTS9;ADAMTS9;ADAMTS9;ADAMTS9;ADAMTS9;ADAMTS9-AS2;ADAMTS9-AS2;ADAMTS9-AS2;ADAMTS9-AS2,protein_coding;protein_coding;protein_coding;protein_coding;protein_coding;antisense;antisense;antisense;antisense,N_Shore,F,,,,
cg02519751,chr3,147408966,147408967,ZIC1;ZIC1;ZIC1,protein_coding;protein_coding;protein_coding,N_Shore,R,,,,TRUE
cg01783662,chr3,181724888,181724889,SOX2-OT;SOX2-OT;SOX2-OT;SOX2-OT;SOX2-OT;SOX2-OT;SOX2-OT;SOX2-OT;SOX2-OT;SOX2-OT;SOX2-OT;SOX2-OT;SOX2-OT;SOX2-OT;SOX2-OT;SOX2-OT;SOX2-OT;SOX2-OT;SOX2-OT;SOX2-OT;SOX2-OT;SOX2-OT;SOX2-OT;SOX2-OT;SOX2-OT;SOX2-OT;SOX2-OT;SOX2-OT;SOX2-OT;SOX2-OT;SOX2-OT;SOX2-OT;SOX2-OT;SOX2-OT;SOX2-OT,sense_overlapping;sense_overlapping;sense_overlapping;sense_overlapping;sense_overlapping;sense_overlapping;sense_overlapping;sense_overlapping;sense_overlapping;sense_overlapping;sense_overlapping;sense_overlapping;sense_overlapping;sense_overlapping;sense_overlapping;sense_overlapping;sense_overlapping;sense_overlapping;sense_overlapping;sense_overlapping;sense_overlapping;sense_overlapping;sense_overlapping;sense_overlapping;sense_overlapping;sense_overlapping;sense_overlapping;sense_overlapping;sense_overlapping;sense_overlapping;sense_overlapping;sense_overlapping;sense_overlapping;sense_overlapping;sense_overlapping,N_Shore,R,CDMR,TRUE,,
cg26479374,chr4,1250192,1250193,CTBP1;CTBP1;CTBP1;CTBP1;CTBP1;CTBP1;CTBP1;CTBP1-AS2;CTBP1-AS2;CTBP1-AS2;CTBP1-AS2;CTBP1-AS2,protein_coding;protein_coding;protein_coding;protein_coding;protein_coding;protein_coding;protein_coding;antisense;antisense;antisense;antisense;antisense,Island,R,,,,
cg05006473,chr4,1502754,1502755,.,.,N_Shore,F,,,Unclassified_Cell_type_specific,
cg21012788,chr4,8640580,8640581,.,.,N_Shelf,F,,,,
cg07075387,chr4,14450144,14450145,.,.,.,R,,,,
cg22773661,chr4,48490208,48490209,ZAR1,protein_coding,Island,R,,,Unclassified_Cell_type_specific,TRUE
cg21574271,chr4,95130310,95130311,BMPR1B;BMPR1B;BMPR1B;BMPR1B;BMPR1B;BMPR1B,protein_coding;protein_coding;protein_coding;protein_coding;protein_coding;protein_coding,.,F,,TRUE,,TRUE
rs13369115,chr4,137116128,137116128,RP11-138I17.1,lincRNA,.,,,,,
cg17479576,chr4,151502922,151502923,FAM160A1;FAM160A1;FAM160A1;FAM160A1;FAM160A1;FAM160A1;FAM160A1,protein_coding;protein_coding;protein_coding;protein_coding;protein_coding;protein_coding;protein_coding,.,R,,TRUE,,
cg03736795,chr4,173523156,173523157,.,.,S_Shore,F,RDMR,,,TRUE
cg05634428,chr5,530937,530938,.,.,S_Shelf,F,,,,
cg04311686,chr5,1179213,1179214,CTD-3080P12.3;CTD-3080P12.3;CTD-3080P12.3,antisense;antisense;antisense,.,R,,,,
cg01072076,chr5,1930687,1930688,.,.,Island,R,DMR,,NonGene_Associated_Cell_type_specific,TRUE
cg24751154,chr5,3191773,3191774,.,.,S_Shelf,R,,,,
cg24676817,chr5,42995267,42995268,.,.,Island,R,RDMR,,Promoter_Associated,TRUE
cg11549953,chr5,43018180,43018181,CTD-2035E11.3;CTD-2035E11.3;CTD-2201E18.3;CTD-2201E18.3;CTD-2201E18.3,antisense;antisense;sense_overlapping;sense_overlapping;sense_overlapping,Island,R,,,Promoter_Associated,TRUE
cg01817364,chr5,43037309,43037310,CTD-2201E18.3,sense_overlapping,Island,F,CDMR,,Promoter_Associated_Cell_type_specific,
cg15132565,chr5,73444327,73444328,.,.,Island,F,RDMR,TRUE,,
cg26680317,chr5,76660104,76660105,IQGAP2;IQGAP2;IQGAP2;IQGAP2;IQGAP2;IQGAP2;IQGAP2;IQGAP2,protein_coding;protein_coding;protein_coding;protein_coding;protein_coding;protein_coding;protein_coding;protein_coding,.,R,,TRUE,,
cg02286091,chr5,79111855,79111856,BHMT;BHMT;BHMT;BHMT;DMGDH,protein_coding;protein_coding;protein_coding;protein_coding;protein_coding,.,F,,TRUE,,
cg08530838,chr5,114858161,114858162,.,.,.,F,,TRUE,,
cg03655371,chr5,135491665,135491666,.,.,N_Shore,F,,TRUE,,
cg22741735,chr5,139677219,139677220,CXXC5;CXXC5;CXXC5;CXXC5;CXXC5;CXXC5;CXXC5;CXXC5;CXXC5;CXXC5;CXXC5;CXXC5;CXXC5,protein_coding;protein_coding;protein_coding;protein_coding;protein_coding;protein_coding;protein_coding;protein_coding;protein_coding;protein_coding;protein_coding;protein_coding;protein_coding,N_Shelf,R,,TRUE,Unclassified_Cell_type_specific,
cg08818984,chr5,143435262,143435263,NR3C1;NR3C1;NR3C1;NR3C1,protein_coding;protein_coding;protein_coding;protein_coding,.,F,,,Promoter_Associated,
cg27129755,chr5,170783582,170783583,CTC-455F18.1;GABRP;GABRP;GABRP;GABRP;GABRP;GABRP;GABRP;GABRP;GABRP,antisense;protein_coding;protein_coding;protein_coding;protein_coding;protein_coding;protein_coding;protein_coding;protein_coding;protein_coding,.,F,,,,
cg06614118,chr5,180987906,180987907,BTNL3,protein_coding,.,R,,,,
cg15094236,chr6,1070154,1070155,.,.,.,R,,TRUE,,
cg08433110,chr6,1684234,1684235,GMDS;GMDS;GMDS;GMDS,protein_coding;protein_coding;protein_coding;protein_coding,.,R,,,,
cg13832604,chr6,7141791,7141792,RREB1;RREB1;RREB1;RREB1;RREB1;RREB1;RREB1;RREB1;RREB1,protein_coding;protein_coding;protein_coding;protein_coding;protein_coding;protein_coding;protein_coding;protein_coding;protein_coding,S_Shore,R,,,,
cg17951878,chr6,7698141,7698142,.,.,.,R,,TRUE,,
cg20168806,chr6,10382595,10382596,.,.,S_Shore,R,,,Unclassified_Cell_type_specific,
cg01518607,chr6,27268112,27268113,XXbac-BPGBPG24O18.1,processed_pseudogene,.,F,,,,
cg04109898,chr6,29975678,29975679,HCG9,lincRNA,N_Shore,F,RDMR,TRUE,Unclassified_Cell_type_specific,
cg10890302,chr6,32096469,32096470,TNXB;TNXB;TNXB;TNXB,protein_coding;protein_coding;protein_coding;protein_coding,Island,F,,,Unclassified_Cell_type_specific,
cg25977965,chr6,32329893,32329894,C6orf10;C6orf10;C6orf10;C6orf10;C6orf10;C6orf10;C6orf10;C6orf10;XXbac-BPG154L12.5,protein_coding;protein_coding;protein_coding;protein_coding;protein_coding;protein_coding;protein_coding;protein_coding;antisense,.,R,,,,
cg20549346,chr6,32330029,32330030,C6orf10;C6orf10;C6orf10;C6orf10;C6orf10;C6orf10;C6orf10;C6orf10;XXbac-BPG154L12.5,protein_coding;protein_coding;protein_coding;protein_coding;protein_coding;protein_coding;protein_coding;protein_coding;antisense,.,R,,,,
cg10518264,chr6,32941663,32941664,HLA-DMB;HLA-DMB;XXbac-BPG181M17.5,protein_coding;protein_coding;protein_coding,.,F,,,Unclassified,
cg24520538,chr6,42771311,42771312,GLTSCR1L,protein_coding,.,F,,,Promoter_Associated,
cg11887532,chr6,51949657,51949658,PKHD1;PKHD1,protein_coding;protein_coding,.,F,,,,
rs9363764,chr6,67522149,67522149,.,.,.,,,,,
rs10457834,chr6,148721664,148721664,.,.,.,,,,,
cg04275695,chr6,149485137,149485138,ZC3H12D,protein_coding,.,F,,,Promoter_Associated,
cg25929664,chr7,220654,220655,FAM20C,protein_coding,S_Shore,R,,TRUE,,TRUE
cg10875499,chr7,1389264,1389265,.,.,.,F,,,,
cg04778178,chr7,27122675,27122676,HOXA-AS2;HOXA-AS2;HOXA-AS2;HOXA-AS2;HOXA-AS2;HOXA-AS2;HOXA3;HOXA3;HOXA3;HOXA3,antisense;antisense;antisense;antisense;antisense;antisense;protein_coding;protein_coding;protein_coding;protein_coding,Island,R,,,,
cg23263937,chr7,27153037,27153038,HOXA-AS3;HOXA3;RP1-170O19.22;RP1-170O19.23,antisense;protein_coding;processed_transcript;processed_transcript,S_Shore,F,,,Unclassified_Cell_type_specific,
cg19147218,chr7,27157936,27157937,HOXA7;HOXA7;RP1-170O19.24,protein_coding;protein_coding;sense_intronic,N_Shore,F,,,Unclassified_Cell_type_specific,
cg06310816,chr7,42228120,42228121,GLI3;GLI3;GLI3;GLI3,protein_coding;protein_coding;protein_coding;protein_coding,.,F,RDMR,TRUE,,
cg10317717,chr7,48090307,48090308,UPP1;UPP1;UPP1;UPP1;UPP1;UPP1;UPP1;UPP1;UPP1;UPP1;UPP1,protein_coding;protein_coding;protein_coding;protein_coding;protein_coding;protein_coding;protein_coding;protein_coding;protein_coding;protein_coding;protein_coding,Island,F,RDMR,,,
cg17239236,chr7,72337199,72337200,CALN1;CALN1;CALN1;CALN1;CALN1,protein_coding;protein_coding;protein_coding;protein_coding;protein_coding,Island,F,,,Unclassified_Cell_type_specific,
cg06471596,chr7,101936656,101936657,CUX1;CUX1;CUX1;CUX1;CUX1;CUX1;CUX1;CUX1;CUX1;CUX1;CUX1;CUX1;CUX1;CUX1;CUX1;CUX1,protein_coding;protein_coding;protein_coding;protein_coding;protein_coding;protein_coding;protein_coding;protein_coding;protein_coding;protein_coding;protein_coding;protein_coding;protein_coding;protein_coding;protein_coding;protein_coding,.,R,,,,
cg10692693,chr7,102045368,102045369,CUX1;CUX1;CUX1;CUX1;CUX1;CUX1;CUX1;CUX1;CUX1;CUX1;CUX1;CUX1;CUX1;CUX1;CUX1;CUX1;CUX1,protein_coding;protein_coding;protein_coding;protein_coding;protein_coding;protein_coding;protein_coding;protein_coding;protein_coding;protein_coding;protein_coding;protein_coding;protein_coding;protein_coding;protein_coding;protein_coding;protein_coding,.,F,,TRUE,,TRUE
cg00907810,chr7,132083009,132083010,.,.,.,R,,,,
cg02864844,chr7,150220174,150220175,.,.,Island,F,,,,
cg20157873,chr7,153091648,153091649,.,.,.,R,,,,
cg15264162,chr7,154338908,154338909,DPP6;DPP6;DPP6;DPP6;DPP6;DPP6;DPP6;DPP6,protein_coding;protein_coding;protein_coding;protein_coding;protein_coding;protein_coding;protein_coding;protein_coding,.,F,,,,
cg16476975,chr7,155372300,155372301,.,.,Island,R,DMR,TRUE,,
cg05124021,chr7,157694374,157694375,PTPRN2;PTPRN2;PTPRN2;PTPRN2,protein_coding;protein_coding;protein_coding;protein_coding,S_Shore,R,CDMR,,Unclassified_Cell_type_specific,
cg14168080,chr7,157711443,157711444,PTPRN2;PTPRN2;PTPRN2;PTPRN2,protein_coding;protein_coding;protein_coding;protein_coding,Island,F,,,,
cg06301252,chr7,157711451,157711452,PTPRN2;PTPRN2;PTPRN2;PTPRN2,protein_coding;protein_coding;protein_coding;protein_coding,Island,F,,,,
cg19547192,chr7,158267284,158267285,PTPRN2;PTPRN2;PTPRN2;PTPRN2,protein_coding;protein_coding;protein_coding;protein_coding,S_Shore,R,,,,
cg11323985,chr8,18683987,18683988,PSD3;PSD3;PSD3;PSD3;PSD3;PSD3;PSD3;PSD3;PSD3,protein_coding;protein_coding;protein_coding;protein_coding;protein_coding;protein_coding;protein_coding;protein_coding;protein_coding,.,F,,,,
cg24603408,chr8,22704884,22704885,RP11-459E5.1,processed_transcript,S_Shore,F,,TRUE,Promoter_Associated,
cg17527589,chr8,39522916,39522917,ADAM3A;ADAM3A;ADAM3A;ADAM3A;ADAM3A;ADAM3A;ADAM3A;ADAM3A;ADAM3A,unitary_pseudogene;unitary_pseudogene;unitary_pseudogene;unitary_pseudogene;unitary_pseudogene;unitary_pseudogene;unitary_pseudogene;unitary_pseudogene;unitary_pseudogene,Island,R,,,,
rs1484127,chr8,50813094,50813094,.,.,.,,,,,
cg07861448,chr8,71845552,71845553,MSC;RP11-383H13.1;RP11-383H13.1;RP11-383H13.1;RP11-383H13.1;RP11-383H13.1;RP11-383H13.1,protein_coding;antisense;antisense;antisense;antisense;antisense;antisense,S_Shore,R,RDMR,,,
cg19846154,chr8,73419877,73419878,STAU2-AS1;STAU2-AS1,antisense;antisense,.,R,,TRUE,,TRUE
rs6471533,chr8,95458072,95458072,C8orf37-AS1;C8orf37-AS1,lincRNA;lincRNA,.,,,,,
cg18147485,chr8,109974456,109974457,KCNV1;KCNV1;RP11-696P8.2,protein_coding;protein_coding;antisense,Island,R,DMR,TRUE,,
cg16277922,chr8,130337483,130337484,ASAP1;ASAP1;ASAP1;ASAP1;ASAP1;ASAP1;ASAP1,protein_coding;protein_coding;protein_coding;protein_coding;protein_coding;protein_coding;protein_coding,.,R,,TRUE,,
cg27005749,chr8,140598547,140598548,AGO2;AGO2;AGO2;AGO2;AGO2,protein_coding;protein_coding;protein_coding;protein_coding;protein_coding,.,F,,TRUE,,
cg23171972,chr8,142122116,142122117,.,.,S_Shore,R,,,,
cg23324953,chr8,143939560,143939561,PLEC;PLEC;PLEC;PLEC;PLEC;PLEC;PLEC;PLEC;PLEC;PLEC;PLEC;PLEC;PLEC;PLEC,protein_coding;protein_coding;protein_coding;protein_coding;protein_coding;protein_coding;protein_coding;protein_coding;protein_coding;protein_coding;protein_coding;protein_coding;protein_coding;protein_coding,N_Shelf,F,,,,
cg15006175,chr8,144473277,144473278,KIFC2,protein_coding,Island,F,DMR,,Unclassified,
cg13392078,chr9,36036517,36036518,RECK;RECK;RECK,protein_coding;protein_coding;protein_coding,N_Shore,R,,,Promoter_Associated,
cg12002589,chr9,124022818,124022819,LHX2;LHX2;LHX2,protein_coding;protein_coding;protein_coding,Island,R,,,,
cg14294859,chr9,128100277,128100278,SLC25A25;SLC25A25;SLC25A25;SLC25A25;SLC25A25;SLC25A25;SLC25A25,protein_coding;protein_coding;protein_coding;protein_coding;protein_coding;protein_coding;protein_coding,.,R,,TRUE,,
cg13447566,chr9,130926157,130926158,FIBCD1;FIBCD1;FIBCD1;FIBCD1;FIBCD1,protein_coding;protein_coding;protein_coding;protein_coding;protein_coding,S_Shelf,F,,,,TRUE
cg13504411,chr10,1553834,1553835,ADARB2;ADARB2-AS1,protein_coding;antisense,S_Shore,F,,,,
cg09115646,chr10,2936495,2936496,.,.,.,R,,TRUE,,
cg18474443,chr10,3130287,3130288,PFKP;PFKP;PFKP,protein_coding;protein_coding;protein_coding,.,R,,,,
cg13951697,chr10,3538909,3538910,.,.,.,F,,TRUE,,TRUE
cg20415486,chr10,3907014,3907015,.,.,.,R,,TRUE,,
cg12273284,chr10,12448845,12448846,CAMK1D;CAMK1D;CAMK1D,protein_coding;protein_coding;protein_coding,.,F,,,Promoter_Associated,TRUE
cg08299859,chr10,13217274,13217275,RNU6-1,snRNA,.,R,,,,
cg02249577,chr10,50675018,50675019,.,.,Island,R,,,,
cg01307130,chr10,69569284,69569285,.,.,N_Shelf,R,,TRUE,,
cg08539872,chr10,71244853,71244854,UNC5B;UNC5B,protein_coding;protein_coding,.,R,,TRUE,,TRUE
cg00714725,chr10,93065819,93065820,CYP26C1;CYP26C1,protein_coding;protein_coding,Island,R,DMR,TRUE,,TRUE
rs10882854,chr10,96879340,96879340,LCOR;LCOR;LCOR;LCOR,protein_coding;protein_coding;protein_coding;protein_coding,.,,,,,
cg24936799,chr10,98038638,98038639,.,.,.,R,,,,
cg09797202,chr10,100351350,100351351,SCD,protein_coding,S_Shelf,R,,TRUE,,
cg08231870,chr10,101310615,101310616,RP11-107I14.2,lincRNA,Island,F,,TRUE,Unclassified_Cell_type_specific,
cg19266671,chr10,125023913,125023914,CTBP2;CTBP2;CTBP2;CTBP2;CTBP2;CTBP2;CTBP2,protein_coding;protein_coding;protein_coding;protein_coding;protein_coding;protein_coding;protein_coding,S_Shore,F,,,,
cg25601879,chr10,130359536,130359537,.,.,.,F,,,,
cg15167871,chr10,131093108,131093109,TCERG1L;TCERG1L,protein_coding;protein_coding,N_Shelf,F,,,,
cg19749898,chr11,1691535,1691536,.,.,N_Shelf,F,,,Unclassified_Cell_type_specific,
cg06741896,chr11,69653569,69653570,CCND1;ORAOV1;ORAOV1;ORAOV1,protein_coding;protein_coding;protein_coding;protein_coding,N_Shore,R,,,Gene_Associated_Cell_type_specific,
cg11775521,chr11,74467750,74467751,KCNE3;KCNE3;KCNE3;KCNE3;KCNE3;RP11-702H23.4,protein_coding;protein_coding;protein_coding;protein_coding;protein_coding;antisense,Island,F,,TRUE,,
cg08141395,chr11,96254218,96254219,MAML2,protein_coding,.,R,,TRUE,,
cg22254463,chr11,108551936,108551937,EXPH5;EXPH5;EXPH5;EXPH5,protein_coding;protein_coding;protein_coding;protein_coding,.,F,,TRUE,,
cg01142676,chr11,117824876,117824877,FXYD2;FXYD2;FXYD2;FXYD2;FXYD2;FXYD2;FXYD2;FXYD6;FXYD6-FXYD2,protein_coding;protein_coding;protein_coding;protein_coding;protein_coding;protein_coding;protein_coding;protein_coding;protein_coding,.,R,,,,
cg13830619,chr12,9402884,9402885,RP11-599J14.2,unprocessed_pseudogene,.,R,,,Unclassified_Cell_type_specific,
cg24208826,chr12,53996107,53996108,HOXC-AS2;HOXC-AS2;HOXC6;HOXC6;HOXC9;HOXC9;RP11-834C11.12,processed_transcript;processed_transcript;protein_coding;protein_coding;protein_coding;protein_coding;protein_coding,S_Shore,R,,,Unclassified,TRUE
cg17130457,chr12,76020949,76020950,.,.,.,R,DMR,TRUE,Unclassified_Cell_type_specific,
cg08752433,chr12,110578761,110578762,PPTC7,protein_coding,N_Shelf,R,,,,
cg10831607,chr12,114696569,114696570,.,.,N_Shore,R,RDMR,,,
cg13614409,chr13,30932615,30932616,TEX26;TEX26;TEX26;TEX26-AS1;TEX26-AS1;TEX26-AS1;TEX26-AS1;TEX26-AS1;TEX26-AS1;TEX26-AS1;TEX26-AS1;TEX26-AS1;TEX26-AS1;TEX26-AS1;TEX26-AS1;TEX26-AS1;TEX26-AS1;TEX26-AS1;TEX26-AS1;TEX26-AS1,protein_coding;protein_coding;protein_coding;antisense;antisense;antisense;antisense;antisense;antisense;antisense;antisense;antisense;antisense;antisense;antisense;antisense;antisense;antisense;antisense;antisense,.,F,,,,
cg01963754,chr13,111324901,111324902,TEX29;TEX29,protein_coding;protein_coding,N_Shore,R,,,,
cg13692446,chr13,112105405,112105406,.,.,Island,R,DMR,,,
cg24113818,chr13,114109724,114109725,RASA3;RASA3-IT1,protein_coding;sense_intronic,Island,F,,,Promoter_Associated,
cg21261158,chr13,114109937,114109938,RASA3;RASA3-IT1,protein_coding;sense_intronic,Island,F,,,Promoter_Associated,
cg01779765,chr14,62117077,62117078,LINC00643;LINC00643;LINC00643;LINC00643;RP11-355I22.2,lincRNA;lincRNA;lincRNA;lincRNA;lincRNA,Island,F,DMR,,,
cg05343811,chr14,75124193,75124194,NEK9;NEK9;NEK9;NEK9;NEK9;NEK9,protein_coding;protein_coding;protein_coding;protein_coding;protein_coding;protein_coding,N_Shelf,R,,,,TRUE
cg13797425,chr14,102088640,102088641,HSP90AA1;HSP90AA1;HSP90AA1,protein_coding;protein_coding;protein_coding,S_Shore,R,,,,
cg10832239,chr14,105717433,105717434,IGHG1,IG_C_gene,N_Shore,R,,,,TRUE
cg20056542,chr15,52791321,52791322,ONECUT1;ONECUT1,protein_coding;protein_coding,Island,F,RDMR,TRUE,Promoter_Associated,TRUE
cg23731272,chr15,67064500,67064501,SMAD3;SMAD3,protein_coding;protein_coding,N_Shore,R,RDMR,,,TRUE
cg10763234,chr15,96360330,96360331,RP11-522B15.3;RP11-522B15.3,lincRNA;lincRNA,Island,R,DMR,TRUE,,TRUE
cg14496909,chr15,101189186,101189187,CHSY1;CHSY1;CHSY1;CHSY1;CHSY1,protein_coding;protein_coding;protein_coding;protein_coding;protein_coding,.,F,,TRUE,,
cg07324702,chr15,101320832,101320833,PCSK6;PCSK6;PCSK6;PCSK6;PCSK6;PCSK6;PCSK6,protein_coding;protein_coding;protein_coding;protein_coding;protein_coding;protein_coding;protein_coding,.,R,,,Unclassified,TRUE
cg04554272,chr16,963990,963991,LMF1;LMF1;LMF1;LMF1;LMF1;LMF1;LMF1;LMF1;LMF1;LMF1,protein_coding;protein_coding;protein_coding;protein_coding;protein_coding;protein_coding;protein_coding;protein_coding;protein_coding;protein_coding,N_Shore,F,,,Unclassified_Cell_type_specific,
cg07635227,chr16,4664814,4664815,MGRN1;MGRN1;MGRN1;MGRN1;MGRN1;MGRN1;MGRN1;MGRN1;MGRN1;MGRN1;MGRN1,protein_coding;protein_coding;protein_coding;protein_coding;protein_coding;protein_coding;protein_coding;protein_coding;protein_coding;protein_coding;protein_coding,.,R,,,Promoter_Associated_Cell_type_specific,
cg00399591,chr16,18790837,18790838,RP11-1035H13.3;RPS15A;RPS15A;RPS15A;RPS15A;RPS15A;RPS15A;RPS15A;RPS15A;RPS15A,protein_coding;protein_coding;protein_coding;protein_coding;protein_coding;protein_coding;protein_coding;protein_coding;protein_coding;protein_coding,S_Shore,F,,,,
cg16700025,chr16,81484648,81484649,CMIP,protein_coding,.,R,,,,
cg05528899,chr17,207329,207330,.,.,Island,R,,TRUE,,
cg16767880,chr17,263471,263472,RPH3AL;RPH3AL;RPH3AL;RPH3AL;RPH3AL;RPH3AL;RPH3AL;RPH3AL;RPH3AL;RPH3AL;RPH3AL,protein_coding;protein_coding;protein_coding;protein_coding;protein_coding;protein_coding;protein_coding;protein_coding;protein_coding;protein_coding;protein_coding,N_Shore,R,,,,
cg05176970,chr17,821033,821034,NXN;NXN;NXN;NXN;NXN,protein_coding;protein_coding;protein_coding;protein_coding;protein_coding,.,R,,,,
cg00256329,chr17,821134,821135,NXN;NXN;NXN;NXN;NXN,protein_coding;protein_coding;protein_coding;protein_coding;protein_coding,.,F,,,,
cg25858132,chr17,1905377,1905378,.,.,Island,R,,,,
cg19447962,chr17,17725342,17725343,RAI1;RAI1,protein_coding;protein_coding,S_Shore,R,RDMR,,,
cg08535474,chr17,36792043,36792044,.,.,.,F,,TRUE,,
cg27656658,chr17,48550862,48550863,HOXB-AS1;HOXB-AS1;HOXB-AS1;HOXB-AS3;HOXB3;HOXB3;HOXB3;HOXB3;HOXB3;HOXB3;HOXB3;HOXB3,antisense;antisense;antisense;antisense;protein_coding;protein_coding;protein_coding;protein_coding;protein_coding;protein_coding;protein_coding;protein_coding,Island,R,,,Unclassified_Cell_type_specific,
cg01135464,chr17,50893640,50893641,TOB1-AS1;TOB1-AS1,processed_transcript;processed_transcript,.,F,,TRUE,,
cg24157892,chr17,61396346,61396347,RP11-332H18.5;TBX2-AS1;TBX2-AS1;TBX2-AS1;TBX2-AS1;TBX2-AS1,antisense;antisense;antisense;antisense;antisense;antisense,Island,F,DMR,,Unclassified_Cell_type_specific,
cg11868461,chr17,77834718,77834719,.,.,.,F,DMR,,Unclassified_Cell_type_specific,
cg18499201,chr17,79399805,79399806,RBFOX3;RBFOX3;RBFOX3;RBFOX3,protein_coding;protein_coding;protein_coding;protein_coding,.,F,,,Unclassified_Cell_type_specific,
cg18045515,chr17,79777270,79777271,CBX2;CBX2;CBX2,protein_coding;protein_coding;protein_coding,N_Shore,F,RDMR,,Unclassified,
cg02159489,chr17,81492537,81492538,.,.,S_Shelf,R,,,,
cg27196974,chr17,82379853,82379854,.,.,.,F,,,Unclassified_Cell_type_specific,
cg15535896,chr18,23499417,23499418,.,.,N_Shelf,F,,,Unclassified,
cg05649108,chr18,37274759,37274760,CELF4;CELF4;CELF4;CELF4;CELF4;CELF4;CELF4;CELF4;CELF4;CELF4;CELF4;CELF4;CELF4;RP11-797E24.3;RP11-797E24.3,protein_coding;protein_coding;protein_coding;protein_coding;protein_coding;protein_coding;protein_coding;protein_coding;protein_coding;protein_coding;protein_coding;protein_coding;protein_coding;antisense;antisense,Island,R,,,,
rs1941955,chr18,37582875,37582875,.,.,.,,,,,
cg16179938,chr18,79517583,79517584,NFATC1;NFATC1;NFATC1;NFATC1;NFATC1;NFATC1;NFATC1;NFATC1;NFATC1;NFATC1,protein_coding;protein_coding;protein_coding;protein_coding;protein_coding;protein_coding;protein_coding;protein_coding;protein_coding;protein_coding,N_Shelf,R,,,Unclassified_Cell_type_specific,
cg18812904,chr18,79849087,79849088,.,.,Island,F,,,,
cg09495643,chr19,1132314,1132315,SBNO2;SBNO2;SBNO2;SBNO2;SBNO2;SBNO2;SBNO2,protein_coding;protein_coding;protein_coding;protein_coding;protein_coding;protein_coding;protein_coding,.,F,,TRUE,Promoter_Associated,
cg27082921,chr19,1800151,1800152,ATP8B3;ATP8B3;ATP8B3;ATP8B3;ATP8B3,protein_coding;protein_coding;protein_coding;protein_coding;protein_coding,Island,R,,,,
cg09462281,chr19,3191032,3191033,NCLN;NCLN;NCLN,protein_coding;protein_coding;protein_coding,Island,R,,,,
cg24419602,chr19,5510299,5510300,.,.,S_Shelf,R,,,,
cg06686742,chr19,8208621,8208622,CERS4;CERS4;CERS4;CERS4;CERS4;CERS4;CERS4;CERS4;CERS4;CERS4;CERS4;CERS4;ELAVL1,protein_coding;protein_coding;protein_coding;protein_coding;protein_coding;protein_coding;protein_coding;protein_coding;protein_coding;protein_coding;protein_coding;protein_coding;protein_coding,N_Shore,F,,,,
cg24118856,chr19,10113034,10113035,P2RY11;P2RY11;PPAN-P2RY11;PPAN-P2RY11,protein_coding;protein_coding;protein_coding;protein_coding,N_Shore,R,,TRUE,Gene_Associated_Cell_type_specific,TRUE
cg22195627,chr19,12195054,12195055,CTD-2666L21.1;CTD-2666L21.1;CTD-2666L21.1;CTD-2666L21.1,lincRNA;lincRNA;lincRNA;lincRNA,Island,F,DMR,,Unclassified_Cell_type_specific,
cg20952901,chr19,17292720,17292721,ABHD8;MRPL34;MRPL34,protein_coding;protein_coding;protein_coding,Island,R,,TRUE,Promoter_Associated,
cg08196968,chr19,38256109,38256110,PPP1R14A;PPP1R14A;PPP1R14A;PPP1R14A;SPINT2,protein_coding;protein_coding;protein_coding;protein_coding;protein_coding,Island,F,,,,TRUE
cg23947326,chr19,46000870,46000871,CCDC61;CCDC61;CCDC61;CCDC61;CCDC61,protein_coding;protein_coding;protein_coding;protein_coding;protein_coding,Island,R,,TRUE,Unclassified,TRUE
cg01515802,chr19,54365142,54365143,LAIR1;LAIR1;LAIR1;LAIR1;LAIR1;LAIR1;LAIR1;LAIR1;LAIR1;LAIR1;LAIR1;LAIR1;LAIR1;LAIR1;LAIR1;LAIR1;LAIR1;LAIR1,protein_coding;protein_coding;protein_coding;protein_coding;protein_coding;protein_coding;protein_coding;protein_coding;protein_coding;protein_coding;protein_coding;protein_coding;protein_coding;protein_coding;protein_coding;protein_coding;protein_coding;protein_coding,.,F,,,,
cg00674365,chr19,56507700,56507701,ZNF471;ZNF471,protein_coding;protein_coding,Island,F,DMR,,Unclassified_Cell_type_specific,
cg18021992,chr20,3221582,3221583,ITPA;ITPA;ITPA;ITPA;ITPA;ITPA;ITPA;ITPA,protein_coding;protein_coding;protein_coding;protein_coding;protein_coding;protein_coding;protein_coding;protein_coding,.,R,,,,
cg07676859,chr20,23035295,23035296,RP4-753D10.3;SSTR4,sense_overlapping;protein_coding,Island,R,,,,
cg17508991,chr20,32051502,32051503,HCK;HCK;HCK;HCK;HCK;HCK;HCK;HCK;HCK;HCK,protein_coding;protein_coding;protein_coding;protein_coding;protein_coding;protein_coding;protein_coding;protein_coding;protein_coding;protein_coding,N_Shore,F,CDMR,,Unclassified_Cell_type_specific,
cg09028204,chr20,45101167,45101168,KCNS1;KCNS1,protein_coding;protein_coding,S_Shore,R,DMR,,,TRUE
cg11837293,chr20,53740372,53740373,.,.,.,R,DMR,,Unclassified_Cell_type_specific,
cg00638631,chr21,37667475,37667476,KCNJ6,protein_coding,Island,R,,,,
cg11554566,chr21,45978682,45978683,.,.,N_Shelf,F,,,,
rs133860,chr22,25748793,25748793,MYO18B;MYO18B;MYO18B,protein_coding;protein_coding;protein_coding,.,,,,,
cg17187762,chr22,27674123,27674124,.,.,N_Shelf,R,,,,
cg00107982,chr22,37417059,37417060,ELFN2;ELFN2;ELFN2;ELFN2;ELFN2;ELFN2;ELFN2;RP1-63G5.5,protein_coding;protein_coding;protein_coding;protein_coding;protein_coding;protein_coding;protein_coding;sense_overlapping,N_Shelf,F,DMR,,Unclassified_Cell_type_specific,
cg22471075,chr22,49369326,49369327,.,.,Island,F,,,,
